<?xml version="1.0"?>
<doc>
    <assembly>
        <name>DBBroker</name>
    </assembly>
    <members>
        <member name="T:DBBroker.Engine.Configuration">
            <summary>
            The class that holds information of the file DBBroker.config 
            </summary>
        </member>
        <member name="M:DBBroker.Engine.Configuration.EncryptConfigFile(System.String[])">
            <summary>
            Encrypts the contents of 'DBBroker.config' 
            </summary>
            <param name="Namespace_Pipe_ConnStr_Lines">The content of the DBBroker.config</param>
        </member>
        <member name="M:DBBroker.Engine.Configuration.EncryptConfigFile">
            <summary>
            Encrypts the contents of 'DBBroker.config'
            </summary>
        </member>
        <member name="M:DBBroker.Engine.Configuration.GetOpenConnection``1">
            <summary>
            Gets an open database connection based on configuration of the namespace of the type specified
            </summary>
            <typeparam name="T">Type of the connection context</typeparam>
        </member>
        <member name="P:DBBroker.Engine.Configuration.Data">
            <summary>
            The instance source of configurated values
            </summary>
        </member>
        <member name="P:DBBroker.Engine.Configuration.ConfigProps">
            <summary>
            Configuration values
            </summary>
        </member>
        <member name="P:DBBroker.Engine.Configuration.SpecificSQL">
            <summary>
            Database engine of the context
            </summary>
        </member>
        <member name="T:DBBroker.Engine.SupportedDatabases">
            <summary>
            SQL Server is the only fully supported database (MySQL not fully supported, use at your own risk)
            </summary>
        </member>
        <member name="T:DBBroker.Engine.SpecificSQLContext">
            <summary>
            Specific functions and settings of databse supported engines
            </summary>
        </member>
        <member name="P:DBBroker.Engine.SpecificSQLContext.Context">
            <summary>
            Supported engines (MySQL not fully supported, use at your own risk)
            </summary>
        </member>
        <member name="T:DBBroker.Engine.DBBroker`1">
            <summary>
            <para>The special class that should encapsulate your database commands.</para>
            <para>To contribute or learn visit www.getdbbroker.com</para>
            </summary>
            <typeparam name="T">The context type of all interactions with database</typeparam>
        </member>
        <member name="M:DBBroker.Engine.DBBroker`1.GetTransaction">
            <summary>
            Gets an instance of a database transaction
            </summary>
        </member>
        <member name="M:DBBroker.Engine.DBBroker`1.GetTransaction(System.Data.IsolationLevel)">
            <summary>
            Gets an instance of a database transaction
            </summary>
            <param name="isolationLevel">The database isolation level of the transaction</param>
        </member>
        <member name="M:DBBroker.Engine.DBBroker`1.Save(`0)">
            <summary>
            Inserts or updates the database record of <typeparamref name="T"/> 
            </summary>
            <param name="obj">The object to be persisted</param>
        </member>
        <member name="M:DBBroker.Engine.DBBroker`1.Save(`0,System.Data.Common.DbTransaction)">
            <summary>
            Inserts or updates the database record of <typeparamref name="T"/>
            </summary>
            <param name="obj">The object to be persisted</param>
            <param name="tran">The database transaction in which the command should be ran</param>
        </member>
        <member name="M:DBBroker.Engine.DBBroker`1.Delete(System.Int32)">
            <summary>
            Deletes the database record of <typeparamref name="T"/> by primary key
            </summary>
            <param name="Id">Primary key value of the record</param>
        </member>
        <member name="M:DBBroker.Engine.DBBroker`1.GetById(System.Int32)">
            <summary>
            Get the database record of <typeparamref name="T"/> by primary key
            </summary>
            <param name="Id">Primary key value of the record</param>
        </member>
        <member name="M:DBBroker.Engine.DBBroker`1.GetAll(System.String)">
            <summary>
            Get all records of <typeparamref name="T"/> in the database
            </summary>
            <param name="orderByColumns">Columns separated by comma to be applied in the ORDER BY clause</param>
        </member>
        <member name="M:DBBroker.Engine.DBBroker`1.ExecCmdSQL(System.String,System.Collections.Generic.List{System.Data.Common.DbParameter},System.Data.CommandType,System.Int32,System.Data.Common.DbTransaction)">
            <summary>
            Executes the specified SQL command returning a result or and empty List
            </summary>
            <param name="cmdText">SQL text command</param>
            <param name="parameters">Parameters declared in text command</param>
            <param name="commandType">Inform if the command is text or procedure</param>
            <param name="levelOfLoad">How deep into the object should DBBroker load objects</param>
        </member>
        <member name="P:DBBroker.Engine.DBBroker`1.IgnoreLists">
            <summary>
            Informs if the properties of type List should not be loaded
            </summary>
        </member>
        <member name="T:DBBroker.Mapping.Map">
            <summary>
            Parent class of all mapping classes. It is kind of an internal thing and not useful in your mappings. ;)
            <para>By the way... have you already visited www.getdbbroker.com?</para>
            </summary>
        </member>
        <member name="T:DBBroker.Mapping.DBMappedTo">
            <summary>
            Maps a property to a not conventional column in the database
            </summary>
        </member>
        <member name="P:DBBroker.Mapping.DBMappedTo.Column">
            <summary>
            Name of the database column that represents that property
            </summary>
        </member>
        <member name="T:DBBroker.Mapping.DBMappedClass">
            <summary>
            Attribute to map the domain classes
            </summary>
        </member>
        <member name="P:DBBroker.Mapping.DBMappedClass.Table">
            <summary>
            Table to which this class should be mapped in the database
            </summary>
        </member>
        <member name="P:DBBroker.Mapping.DBMappedClass.PrimaryKey">
            <summary>
            Primary key of this class in the table specified
            </summary>
        </member>
        <member name="T:DBBroker.Mapping.DBMappedList">
            <summary>
            <para>Maps the references of a one-to-many relationship represented by a property of type System.Collections.Generic.List</para>
            <remarks>DBBroker will not take care of the state of elements in List individually, only the references represented by it.</remarks>
            </summary>
        </member>
        <member name="P:DBBroker.Mapping.DBMappedList.RelationshipTable">
            <summary>
            Table in which this one-to-many relationship should be stored
            </summary>
        </member>
        <member name="P:DBBroker.Mapping.DBMappedList.ParentColumnIds">
            <summary>
            Name of column that holds the parent Id values
            </summary>
        </member>
        <member name="P:DBBroker.Mapping.DBMappedList.ChildrenColumnIds">
            <summary>
            Name of column that holds the children Id values
            </summary>
        </member>
        <member name="T:DBBroker.Mapping.DBReadOnly">
            <summary>
            Should be used in properties that has initial value defined by a database mechanism
            <para>The related property will be ignored in SQL instructions of INSERT and UPDATE</para>
            </summary>
        </member>
        <member name="P:DBBroker.Mapping.DBReadOnly.DBDefaultValue">
            <summary>
            Database default value or function
            <para>e.g.: GETDATE()</para>
            </summary>
        </member>
        <member name="T:DBBroker.Mapping.DBTransient">
            <summary>
            Informs to DBBroker that this property is not persisted and should be ignored
            </summary>
        </member>
        <member name="T:DBBroker.Properties.Resources">
            <summary>
              A strongly-typed resource class, for looking up localized strings, etc.
            </summary>
        </member>
        <member name="P:DBBroker.Properties.Resources.ResourceManager">
            <summary>
              Returns the cached ResourceManager instance used by this class.
            </summary>
        </member>
        <member name="P:DBBroker.Properties.Resources.Culture">
            <summary>
              Overrides the current thread's CurrentUICulture property for all
              resource lookups using this strongly typed resource class.
            </summary>
        </member>
        <member name="P:DBBroker.Properties.Resources.AssemblyNotFound">
            <summary>
              Looks up a localized string similar to The informed namespace &apos;{0}&apos; was not found in the application context. .
            </summary>
        </member>
        <member name="P:DBBroker.Properties.Resources.DBBrokerConfigConnStrNotFound">
            <summary>
              Looks up a localized string similar to A corresponding ConnectionString was not found to the namespace &apos;{0}&apos;. .
            </summary>
        </member>
        <member name="P:DBBroker.Properties.Resources.DBBrokerConfigDatabaseOption">
            <summary>
              Looks up a localized string similar to As database option, you need to inform &apos;SQLServer&apos; or &apos;MySQL&apos; (MySQL not fully supported). .
            </summary>
        </member>
        <member name="P:DBBroker.Properties.Resources.DBBrokerConfigFileAlreadyEncripted">
            <summary>
              Looks up a localized string similar to The &apos;DBBroker.config&apos; is already encrypted..
            </summary>
        </member>
        <member name="P:DBBroker.Properties.Resources.DBBrokerConfigFileFormat">
            <summary>
              Looks up a localized string similar to Every line of the DBBroker.config file must have the format: &apos;My.Namespace|{SQLServer or MySQL}|ConnectionString&apos;. .
            </summary>
        </member>
        <member name="P:DBBroker.Properties.Resources.DBBrokerConfigFileNotFound">
            <summary>
              Looks up a localized string similar to The DBBroker.config configuration file was not found in &apos;{0}&apos;. .
            </summary>
        </member>
        <member name="P:DBBroker.Properties.Resources.DBBrokerConfigInfoIncomplete">
            <summary>
              Looks up a localized string similar to Please inform lines of the configuration file as elements of the array. Array null or empty..
            </summary>
        </member>
        <!-- Badly formed XML comment ignored for member "P:DBBroker.Properties.Resources.DBBrokerScriptMessage" -->
        <member name="P:DBBroker.Properties.Resources.ErrorBadList">
            <summary>
              Looks up a localized string similar to A MappedList &apos;{0}.{1}&apos; needs to implement ICollections and have a Generic Type argument..
            </summary>
        </member>
        <member name="P:DBBroker.Properties.Resources.ErrorExecutingSqlCommand">
            <summary>
              Looks up a localized string similar to Better look the SQL. {0} SQL: &apos;{1}&apos;. (That message is restrict to debugging).
            </summary>
        </member>
        <member name="P:DBBroker.Properties.Resources.ErrorIdValueNotValid">
            <summary>
              Looks up a localized string similar to The value found in {0} to &apos;Id&apos; property is invalid integer. .
            </summary>
        </member>
        <member name="P:DBBroker.Properties.Resources.ErrorIncompleteMap">
            <summary>
              Looks up a localized string similar to Please inform the corresponding table and primary key to the class &apos;{0}&apos; using the [DatabaseMap] attribute in this class. .
            </summary>
        </member>
        <member name="P:DBBroker.Properties.Resources.ErrorLoadingProp">
            <summary>
              Looks up a localized string similar to Fail during the load of property &apos;{0}.{1}&apos;. {2}. .
            </summary>
        </member>
        <member name="P:DBBroker.Properties.Resources.ErrorMappedListInfo">
            <summary>
              Looks up a localized string similar to Please inform all properties of the attribute [MappedList] of &apos;{0}.{1}&apos;..
            </summary>
        </member>
        <member name="P:DBBroker.Properties.Resources.ErrorMappedListUsage">
            <summary>
              Looks up a localized string similar to The property &apos;{0}.{1}&apos; must be of a type that implements &apos;System.Collections.Generic.IList&apos; .
            </summary>
        </member>
        <member name="P:DBBroker.Properties.Resources.ErrorMessageDefault">
            <summary>
              Looks up a localized string similar to Oops... Something went wrong during a try of recovering data. .
            </summary>
        </member>
        <member name="P:DBBroker.Properties.Resources.ErrorMissingIdProp">
            <summary>
              Looks up a localized string similar to Every mapped class need a &apos;Id&apos; integer property. The class &apos;{0}&apos; does not have it. .
            </summary>
        </member>
        <member name="P:DBBroker.Properties.Resources.ErrorMultipleDatabases">
            <summary>
              Looks up a localized string similar to Wow... DBBroker does not allow multiple databases mechanisms (SQLServer and MySQL) in the same context. That would be a mess..
            </summary>
        </member>
        <member name="P:DBBroker.Properties.Resources.ErrorNamespaceNotFound">
            <summary>
              Looks up a localized string similar to The namespace &apos;{0}&apos; was not specified in the file DBBroker.config.
            </summary>
        </member>
        <member name="P:DBBroker.Properties.Resources.ErrorSavingObject">
            <summary>
              Looks up a localized string similar to Something went wrong while saving the data to &apos;{0}&apos;. .
            </summary>
        </member>
        <member name="P:DBBroker.Properties.Resources.ErrorScriptMultipleNamespacesMapped">
            <summary>
              Looks up a localized string similar to There is more than one mapped namespaces. Please use the ScriptGenerator constructor where you can specify a namespace. .
            </summary>
        </member>
        <member name="P:DBBroker.Properties.Resources.ErrorUnableToConnect">
            <summary>
              Looks up a localized string similar to It was not possible to connect to the database. .
            </summary>
        </member>
        <member name="P:DBBroker.Properties.Resources.ErrorUnexpectedNullProp">
            <summary>
              Looks up a localized string similar to Internal unexpected error. [581].
            </summary>
        </member>
        <member name="P:DBBroker.Properties.Resources.MultipleAssembliesWithSameNamespace">
            <summary>
              Looks up a localized string similar to There is more than one assembly in context with the namespace &apos;{0}&apos;. .
            </summary>
        </member>
        <member name="P:DBBroker.Properties.Resources.WarningPropertyNotMapped">
            <summary>
              Looks up a localized string similar to WARNING: The property &apos;{0}&apos; was not mapped. Type not convertible: {1}.
            </summary>
        </member>
        <member name="P:DBBroker.Properties.Resources.WarningTransactionNotCommited">
            <summary>
              Looks up a localized string similar to Make sure you commit the external transaction informed..
            </summary>
        </member>
    </members>
</doc>
